"0","dat <- read_csv(""../data/popularity.csv"")"
"1","[1mRows: [22m[34m2000[39m [1mColumns: [22m[34m15[39m
"
"1","[36m──[39m [1mColumn specification[22m [36m───────────────────────────────────────────────────────────────────────────────────────────────────[39m
[1mDelimiter:[22m "",""
[32mdbl[39m (15): pupil, class, extrav, sex, texp, popular, popteach, Zextrav, Zsex, Ztexp, Zpopular, Zpopteach, Cextrav, Ctexp...
"
"1","
[36mℹ[39m Use `spec()` to retrieve the full column specification for this data.
[36mℹ[39m Specify the column types or set `show_col_types = FALSE` to quiet this message.
"
"0","dat"
