"0","my_stocks <- read_csv(""../data/stocks2.csv"")"
"1","[1mRows: [22m[34m3[39m [1mColumns: [22m[34m101[39m
"
"1","[36m──[39m [1mColumn specification[22m [36m───────────────────────────────────────────────────────────────────────────────────────────────────[39m
[1mDelimiter:[22m "",""
[31mchr[39m   (1): stock
[32mdbl[39m (100): 1/1/09, 1/2/09, 1/3/09, 1/4/09, 1/5/09, 1/6/09, 1/7/09, 1/8/09, 1/9/09, 1/10/09, 1/11/09, 1/12/09, 1/13/09, ...
"
"1","
[36mℹ[39m Use `spec()` to retrieve the full column specification for this data.
[36mℹ[39m Specify the column types or set `show_col_types = FALSE` to quiet this message.
"
"0","my_stocks"
