{"chunk_definitions":[{"row":21,"row_count":1,"visible":true,"expansion_state":0,"options":{"engine":"r","message":false,"label":"unnamed-chunk-1"},"document_id":"C2A6AC00","chunk_id":"cz4pg0tgd09fu","chunk_label":"unnamed-chunk-1"},{"row":31,"row_count":1,"visible":true,"expansion_state":0,"options":{"engine":"r","label":"unnamed-chunk-2"},"document_id":"C2A6AC00","chunk_id":"cz4f0dfoosb1w","chunk_label":"unnamed-chunk-2"},{"row":40,"row_count":1,"visible":true,"expansion_state":0,"options":{"engine":"r","label":"unnamed-chunk-3"},"document_id":"C2A6AC00","chunk_id":"cm1v1z11rane5","chunk_label":"unnamed-chunk-3"},{"row":59,"row_count":1,"visible":true,"expansion_state":0,"options":{"engine":"r","label":"unnamed-chunk-4"},"document_id":"C2A6AC00","chunk_id":"cpikufa0h0ohe","chunk_label":"unnamed-chunk-4"},{"row":67,"row_count":1,"visible":true,"expansion_state":0,"options":{"engine":"r","label":"unnamed-chunk-5"},"document_id":"C2A6AC00","chunk_id":"clz1bem2btj2c","chunk_label":"unnamed-chunk-5"},{"row":75,"row_count":1,"visible":true,"expansion_state":0,"options":{"engine":"r","label":"unnamed-chunk-6"},"document_id":"C2A6AC00","chunk_id":"c7g3qfwcrdyfs","chunk_label":"unnamed-chunk-6"},{"row":90,"row_count":1,"visible":true,"expansion_state":0,"options":{"engine":"r","label":"unnamed-chunk-7"},"document_id":"C2A6AC00","chunk_id":"c120e8ez8i45i","chunk_label":"unnamed-chunk-7"},{"row":104,"row_count":1,"visible":true,"expansion_state":0,"options":{"engine":"r","label":"unnamed-chunk-8"},"document_id":"C2A6AC00","chunk_id":"cob3p2dprsghj","chunk_label":"unnamed-chunk-8"},{"row":124,"row_count":1,"visible":true,"expansion_state":0,"options":{"engine":"r","label":"unnamed-chunk-9"},"document_id":"C2A6AC00","chunk_id":"c6msyy3lw73cu","chunk_label":"unnamed-chunk-9"},{"row":131,"row_count":1,"visible":true,"expansion_state":0,"options":{"engine":"r","label":"unnamed-chunk-10"},"document_id":"C2A6AC00","chunk_id":"clp6thbcm00ms","chunk_label":"unnamed-chunk-10"},{"row":138,"row_count":1,"visible":true,"expansion_state":0,"options":{"engine":"r","label":"unnamed-chunk-11"},"document_id":"C2A6AC00","chunk_id":"crtg8heiybs8u","chunk_label":"unnamed-chunk-11"},{"row":155,"row_count":1,"visible":true,"expansion_state":0,"options":{"engine":"r","label":"unnamed-chunk-12"},"document_id":"C2A6AC00","chunk_id":"c5a2r1qmh7lad","chunk_label":"unnamed-chunk-12"},{"row":161,"row_count":1,"visible":true,"expansion_state":0,"options":{"engine":"r","label":"unnamed-chunk-13"},"document_id":"C2A6AC00","chunk_id":"cv37f2is0qf77","chunk_label":"unnamed-chunk-13"},{"row":170,"row_count":1,"visible":true,"expansion_state":0,"options":{"engine":"r","message":false,"label":"unnamed-chunk-14"},"document_id":"C2A6AC00","chunk_id":"c88a4yenqnog2","chunk_label":"unnamed-chunk-14"},{"row":193,"row_count":1,"visible":true,"expansion_state":0,"options":{"engine":"r","label":"unnamed-chunk-15"},"document_id":"C2A6AC00","chunk_id":"chkkc7d1l3omc","chunk_label":"unnamed-chunk-15"},{"row":213,"row_count":1,"visible":true,"expansion_state":0,"options":{"engine":"r","label":"unnamed-chunk-16"},"document_id":"C2A6AC00","chunk_id":"co3dzksruyhwi","chunk_label":"unnamed-chunk-16"},{"row":222,"row_count":1,"visible":true,"expansion_state":0,"options":{"engine":"r","label":"unnamed-chunk-17"},"document_id":"C2A6AC00","chunk_id":"cqli62d1tee7a","chunk_label":"unnamed-chunk-17"},{"row":235,"row_count":1,"visible":true,"expansion_state":0,"options":{"engine":"r","label":"unnamed-chunk-18"},"document_id":"C2A6AC00","chunk_id":"c4pth01sqqlpb","chunk_label":"unnamed-chunk-18"},{"row":239,"row_count":1,"visible":true,"expansion_state":0,"options":{"engine":"r","label":"unnamed-chunk-19"},"document_id":"C2A6AC00","chunk_id":"cl22p4ryl8185","chunk_label":"unnamed-chunk-19"},{"row":246,"row_count":1,"visible":true,"expansion_state":0,"options":{"engine":"r","message":false,"label":"unnamed-chunk-20"},"document_id":"C2A6AC00","chunk_id":"cccnq7dwtry26","chunk_label":"unnamed-chunk-20"},{"row":251,"row_count":1,"visible":true,"expansion_state":0,"options":{"engine":"r","message":false,"label":"unnamed-chunk-21"},"document_id":"C2A6AC00","chunk_id":"c8bz7x0se7k55","chunk_label":"unnamed-chunk-21"},{"row":270,"row_count":1,"visible":true,"expansion_state":0,"options":{"engine":"r","label":"unnamed-chunk-22"},"document_id":"C2A6AC00","chunk_id":"cxsvac9zvlw3i","chunk_label":"unnamed-chunk-22"},{"row":279,"row_count":1,"visible":true,"expansion_state":0,"options":{"engine":"r","label":"unnamed-chunk-23"},"document_id":"C2A6AC00","chunk_id":"ct254ezfqiy14","chunk_label":"unnamed-chunk-23"},{"row":292,"row_count":1,"visible":true,"expansion_state":0,"options":{"engine":"r","label":"unnamed-chunk-24"},"document_id":"C2A6AC00","chunk_id":"cqmmdyajrfi13","chunk_label":"unnamed-chunk-24"},{"row":302,"row_count":1,"visible":true,"expansion_state":0,"options":{"engine":"r","label":"unnamed-chunk-25"},"document_id":"C2A6AC00","chunk_id":"crv6csf4kube8","chunk_label":"unnamed-chunk-25"},{"row":307,"row_count":1,"visible":true,"expansion_state":0,"options":{"engine":"r","label":"unnamed-chunk-26"},"document_id":"C2A6AC00","chunk_id":"cu4b06yyydwx3","chunk_label":"unnamed-chunk-26"},{"row":314,"row_count":1,"visible":true,"expansion_state":0,"options":{"engine":"r","message":false,"label":"unnamed-chunk-27"},"document_id":"C2A6AC00","chunk_id":"cqp9sj9bvwcd7","chunk_label":"unnamed-chunk-27"},{"row":319,"row_count":1,"visible":true,"expansion_state":0,"options":{"engine":"r","message":false,"label":"unnamed-chunk-28"},"document_id":"C2A6AC00","chunk_id":"c8fe5jokox7of","chunk_label":"unnamed-chunk-28"},{"row":326,"row_count":1,"visible":true,"expansion_state":0,"options":{"engine":"r","message":false,"label":"unnamed-chunk-29"},"document_id":"C2A6AC00","chunk_id":"ctqfb40qtz87j","chunk_label":"unnamed-chunk-29"}],"doc_write_time":1650422094,"chunk_rendered_width":400}