{"chunk_definitions":[{"row":22,"row_count":1,"visible":true,"expansion_state":0,"options":{"engine":"r","label":"unnamed-chunk-2"},"document_id":"A6568AD5","chunk_id":"c78398856hzo5","chunk_label":"unnamed-chunk-1"},{"row":50,"row_count":1,"visible":true,"expansion_state":0,"options":{"engine":"r","message":false,"label":"unnamed-chunk-3"},"document_id":"A6568AD5","chunk_id":"c93k9jwt6ztmt","chunk_label":"unnamed-chunk-2"},{"row":58,"row_count":1,"visible":true,"expansion_state":0,"options":{"engine":"r","label":"unnamed-chunk-4"},"document_id":"A6568AD5","chunk_id":"cstq3ga2oig6t","chunk_label":"unnamed-chunk-3"},{"row":71,"row_count":1,"visible":true,"expansion_state":0,"options":{"engine":"r","label":"unnamed-chunk-5"},"document_id":"A6568AD5","chunk_id":"c2n002g797j8q","chunk_label":"unnamed-chunk-4"},{"row":81,"row_count":1,"visible":true,"expansion_state":0,"options":{"engine":"r","message":false,"label":"unnamed-chunk-6"},"document_id":"A6568AD5","chunk_id":"cbkn180tkh0dy","chunk_label":"unnamed-chunk-5"},{"row":91,"row_count":1,"visible":true,"expansion_state":0,"options":{"engine":"r","label":"unnamed-chunk-7"},"document_id":"A6568AD5","chunk_id":"c59zlrx1o8trd","chunk_label":"unnamed-chunk-6"},{"row":110,"row_count":1,"visible":true,"expansion_state":0,"options":{"engine":"r","label":"unnamed-chunk-8"},"document_id":"A6568AD5","chunk_id":"clk2x405pidck","chunk_label":"unnamed-chunk-7"},{"row":119,"row_count":1,"visible":true,"expansion_state":0,"options":{"engine":"r","label":"unnamed-chunk-9"},"document_id":"A6568AD5","chunk_id":"cxwrv5ygirycu","chunk_label":"unnamed-chunk-8"},{"row":124,"row_count":1,"visible":true,"expansion_state":0,"options":{"engine":"r","label":"unnamed-chunk-10"},"document_id":"A6568AD5","chunk_id":"c53kdjyvkbd2b","chunk_label":"unnamed-chunk-9"},{"row":132,"row_count":1,"visible":true,"expansion_state":0,"options":{"engine":"r","label":"unnamed-chunk-11"},"document_id":"A6568AD5","chunk_id":"cic2n8ndupbsu","chunk_label":"unnamed-chunk-10"},{"row":145,"row_count":1,"visible":true,"expansion_state":0,"options":{"engine":"r","message":false,"label":"unnamed-chunk-12"},"document_id":"A6568AD5","chunk_id":"ckjyiczvt6zwk","chunk_label":"unnamed-chunk-11"},{"row":155,"row_count":1,"visible":true,"expansion_state":0,"options":{"engine":"r","label":"unnamed-chunk-13"},"document_id":"A6568AD5","chunk_id":"cstpkwo2b6b5a","chunk_label":"unnamed-chunk-12"},{"row":159,"row_count":1,"visible":true,"expansion_state":0,"options":{"engine":"r","label":"unnamed-chunk-14"},"document_id":"A6568AD5","chunk_id":"cha43yx6hjsiq","chunk_label":"unnamed-chunk-13"},{"row":163,"row_count":1,"visible":true,"expansion_state":0,"options":{"engine":"r","label":"unnamed-chunk-15"},"document_id":"A6568AD5","chunk_id":"cpbgw0s90plb7","chunk_label":"unnamed-chunk-14"},{"row":167,"row_count":1,"visible":true,"expansion_state":0,"options":{"engine":"r","label":"unnamed-chunk-16"},"document_id":"A6568AD5","chunk_id":"chthllen2rc8q","chunk_label":"unnamed-chunk-15"},{"row":175,"row_count":1,"visible":true,"expansion_state":0,"options":{"engine":"r","label":"unnamed-chunk-17"},"document_id":"A6568AD5","chunk_id":"c60zjbotet4kf","chunk_label":"unnamed-chunk-16"},{"row":179,"row_count":1,"visible":true,"expansion_state":0,"options":{"engine":"r","label":"unnamed-chunk-18"},"document_id":"A6568AD5","chunk_id":"c9qbhl17zaj6h","chunk_label":"unnamed-chunk-17"}],"doc_write_time":1650916042}