"0","data<-read_csv((""../data/dataset.csv""))"
"1","[1mRows: [22m[34m1515[39m [1mColumns: [22m[34m20[39m
"
"1","[36m──[39m [1mColumn specification[22m [36m──────────────────────────────────────────────────────────────────────────────────────────────────────────────────────[39m
[1mDelimiter:[22m "",""
[31mchr[39m  (1): tier_name
[32mdbl[39m (19): par_pctile, tier, par_mean, k_mean, k_rank, k_top1pc, k_top5pc, k_top10pc, k_q5, k_q4, k_q3, k_q2, k_q1, k_nowork, k_median, k_m...
"
"1","
[36mℹ[39m Use `spec()` to retrieve the full column specification for this data.
[36mℹ[39m Specify the column types or set `show_col_types = FALSE` to quiet this message.
"
