{"chunk_definitions":[{"row":24,"row_count":1,"visible":true,"expansion_state":0,"options":{"engine":"r","message":false,"label":"unnamed-chunk-1"},"document_id":"BDFB0387","chunk_id":"cix9a56f6hjzy","chunk_label":"unnamed-chunk-1"},{"row":50,"row_count":1,"visible":true,"expansion_state":0,"options":{"engine":"r","message":false,"label":"unnamed-chunk-2"},"document_id":"BDFB0387","chunk_id":"ci4a9vlyk2h16","chunk_label":"unnamed-chunk-2"},{"row":62,"row_count":1,"visible":true,"expansion_state":0,"options":{"engine":"r","message":false,"label":"unnamed-chunk-3"},"document_id":"BDFB0387","chunk_id":"cvd1wgesxh72f","chunk_label":"unnamed-chunk-3"},{"row":75,"row_count":1,"visible":true,"expansion_state":0,"options":{"engine":"r","message":false,"label":"unnamed-chunk-4"},"document_id":"BDFB0387","chunk_id":"cxrxq3ldtnqic","chunk_label":"unnamed-chunk-4"},{"row":88,"row_count":1,"visible":true,"expansion_state":0,"options":{"engine":"r","message":false,"label":"unnamed-chunk-5"},"document_id":"BDFB0387","chunk_id":"clcjq46azpmmo","chunk_label":"unnamed-chunk-5"},{"row":96,"row_count":1,"visible":true,"expansion_state":0,"options":{"engine":"r","message":false,"label":"unnamed-chunk-6"},"document_id":"BDFB0387","chunk_id":"cx5ka529oyzl5","chunk_label":"unnamed-chunk-6"},{"row":108,"row_count":1,"visible":true,"expansion_state":0,"options":{"engine":"r","label":"unnamed-chunk-7"},"document_id":"BDFB0387","chunk_id":"c30xo08vpui6g","chunk_label":"unnamed-chunk-7"},{"row":123,"row_count":1,"visible":true,"expansion_state":0,"options":{"engine":"r","label":"unnamed-chunk-8"},"document_id":"BDFB0387","chunk_id":"c0izhj6zs5ph1","chunk_label":"unnamed-chunk-8"},{"row":137,"row_count":1,"visible":true,"expansion_state":0,"options":{"engine":"r","label":"unnamed-chunk-9"},"document_id":"BDFB0387","chunk_id":"cp2r8vdhdvt2n","chunk_label":"unnamed-chunk-9"},{"row":147,"row_count":1,"visible":true,"expansion_state":0,"options":{"engine":"r","label":"unnamed-chunk-10"},"document_id":"BDFB0387","chunk_id":"cfyp2wxtcqt29","chunk_label":"unnamed-chunk-10"},{"row":155,"row_count":1,"visible":true,"expansion_state":0,"options":{"engine":"r","label":"unnamed-chunk-11"},"document_id":"BDFB0387","chunk_id":"chcqjdq3gs2i6","chunk_label":"unnamed-chunk-11"},{"row":159,"row_count":1,"visible":true,"expansion_state":0,"options":{"engine":"r","label":"unnamed-chunk-12"},"document_id":"BDFB0387","chunk_id":"cyqmxqeadxqec","chunk_label":"unnamed-chunk-12"},{"row":163,"row_count":1,"visible":true,"expansion_state":0,"options":{"engine":"r","label":"unnamed-chunk-13"},"document_id":"BDFB0387","chunk_id":"cvkyyo77w9xar","chunk_label":"unnamed-chunk-13"},{"row":167,"row_count":1,"visible":true,"expansion_state":0,"options":{"engine":"r","message":false,"label":"unnamed-chunk-14"},"document_id":"BDFB0387","chunk_id":"cvc5tt8k0mkmp","chunk_label":"unnamed-chunk-14"},{"row":171,"row_count":1,"visible":true,"expansion_state":0,"options":{"engine":"r","message":false,"label":"unnamed-chunk-15"},"document_id":"BDFB0387","chunk_id":"ck1oqkl7nxxpp","chunk_label":"unnamed-chunk-15"}],"doc_write_time":1650422094,"chunk_rendered_width":400}