"0","sleep_data <- read_csv(""../data/msleep.csv"")"
"1","[1mRows: [22m[34m83[39m [1mColumns: [22m[34m11[39m
"
"1","[36m──[39m [1mColumn specification[22m [36m───────────────────────────────────────────────────────────────────────────────────────────────────[39m
[1mDelimiter:[22m "",""
[31mchr[39m (5): name, genus, vore, order, conservation
[32mdbl[39m (6): sleep_total, sleep_rem, sleep_cycle, awake, brainwt, bodywt
"
"1","
[36mℹ[39m Use `spec()` to retrieve the full column specification for this data.
[36mℹ[39m Specify the column types or set `show_col_types = FALSE` to quiet this message.
"
"0","sleep_data"
