"0","library(dplyr)        # Package to manipulate data"
"0","library(ggplot2)      # Package to plot data"
"0","library(ggfortify)    # Package containing additional functions to plot the result of statistical models"
"0","library(GGally)       # Package containing additional functions to plot the result of statistical models"
"0","library(sjPlot)       # Package containing additional functions to plot the result of statistical models"
"0","library(modEvA)       # Package containing additional functions for model evaluation and analysis"
