{"chunk_definitions":[{"row":32,"row_count":1,"visible":true,"expansion_state":0,"options":{"engine":"r","message":false,"label":"unnamed-chunk-26"},"document_id":"41EFF12A","chunk_id":"cy8afco66swrr","chunk_label":"unnamed-chunk-1"},{"row":38,"row_count":1,"visible":true,"expansion_state":0,"options":{"engine":"r","label":"unnamed-chunk-27"},"document_id":"41EFF12A","chunk_id":"cf2qlaksv1xsi","chunk_label":"unnamed-chunk-2"},{"row":61,"row_count":1,"visible":true,"expansion_state":0,"options":{"engine":"r","label":"unnamed-chunk-28"},"document_id":"41EFF12A","chunk_id":"cvnc7nwmflekf","chunk_label":"unnamed-chunk-3"},{"row":65,"row_count":1,"visible":true,"expansion_state":0,"options":{"engine":"r","label":"unnamed-chunk-29"},"document_id":"41EFF12A","chunk_id":"cukbyc0jhh8js","chunk_label":"unnamed-chunk-4"},{"row":73,"row_count":1,"visible":true,"expansion_state":0,"options":{"engine":"r","label":"unnamed-chunk-30"},"document_id":"41EFF12A","chunk_id":"cdhbqx5y5lrdp","chunk_label":"unnamed-chunk-5"},{"row":80,"row_count":1,"visible":true,"expansion_state":0,"options":{"engine":"r","label":"unnamed-chunk-31"},"document_id":"41EFF12A","chunk_id":"cpko310c9hvx6","chunk_label":"unnamed-chunk-6"},{"row":86,"row_count":1,"visible":true,"expansion_state":0,"options":{"engine":"r","label":"unnamed-chunk-32"},"document_id":"41EFF12A","chunk_id":"cdasf12bc5g8a","chunk_label":"unnamed-chunk-7"},{"row":90,"row_count":1,"visible":true,"expansion_state":0,"options":{"engine":"r","label":"unnamed-chunk-33"},"document_id":"41EFF12A","chunk_id":"cpgdx4agaw7wu","chunk_label":"unnamed-chunk-8"},{"row":96,"row_count":1,"visible":true,"expansion_state":0,"options":{"engine":"r","label":"unnamed-chunk-34"},"document_id":"41EFF12A","chunk_id":"cwtee3i54310g","chunk_label":"unnamed-chunk-9"},{"row":101,"row_count":1,"visible":true,"expansion_state":0,"options":{"engine":"r","label":"unnamed-chunk-35"},"document_id":"41EFF12A","chunk_id":"ct8hboq2nwo8u","chunk_label":"unnamed-chunk-10"},{"row":119,"row_count":1,"visible":true,"expansion_state":0,"options":{},"document_id":"41EFF12A","chunk_id":"c3bplh5lf97gu","chunk_label":"unnamed-chunk-12"}],"doc_write_time":1650426575,"chunk_rendered_width":700}