"0","data$par_pctile <- as.factor(data$par_pctile)"
"0","data$tier <- as.factor(data$tier)"
"0","data$tier_name <- as.factor(data$tier_name)"
"0","data$par_mean <- as.factor(data$par_mean)"
"0","data$k_mean <- as.factor(data$k_mean)"
"0","data$k_rank <- as.factor(data$k_rank)"
"0","data$k_top1pc <- as.factor(data$k_top1pc)"
"0","data$k_top5pc <- as.factor(data$k_top5pc)"
"0","data$k_top10pc <- as.factor(data$k_top10pc)"
"0","data$k_q5 <- as.factor(data$k_q5)"
"0","data$k_q4 <- as.factor(data$k_q4)"
"0","data$k_q3 <- as.factor(data$k_q3)"
"0","data$k_q2 <- as.factor(data$k_q2)"
"0","data$k_q1 <- as.factor(data$k_q1)"
"0","data$k_nowork <- as.factor(data$k_nowork)"
"0","data$k_median <- as.factor(data$k_median)"
"0","data$k_median_nozero <- as.factor(data$k_median_nozero)"
"0","data$count <- as.factor(data$count)"
"0","data$tot_count <- as.factor(data$tot_count)"
"0","data$density <- as.factor(data$density)"
"0","data"
