{"chunk_definitions":[{"row":22,"row_count":1,"visible":true,"expansion_state":0,"options":{"engine":"r","message":false,"label":"unnamed-chunk-39"},"document_id":"5DA5FD60","chunk_id":"cwokiruc4toy3","chunk_label":"unnamed-chunk-1"},{"row":32,"row_count":1,"visible":true,"expansion_state":0,"options":{"engine":"r","label":"unnamed-chunk-40"},"document_id":"5DA5FD60","chunk_id":"c6h22knrai21i","chunk_label":"unnamed-chunk-2"},{"row":41,"row_count":1,"visible":true,"expansion_state":0,"options":{"engine":"r","label":"unnamed-chunk-41"},"document_id":"5DA5FD60","chunk_id":"c8qu80k3wb0oy","chunk_label":"unnamed-chunk-3"},{"row":60,"row_count":1,"visible":true,"expansion_state":0,"options":{"engine":"r","message":false,"label":"unnamed-chunk-42"},"document_id":"5DA5FD60","chunk_id":"cpaypjche7i83","chunk_label":"unnamed-chunk-4"},{"row":68,"row_count":1,"visible":true,"expansion_state":0,"options":{"engine":"r","message":false,"label":"unnamed-chunk-43"},"document_id":"5DA5FD60","chunk_id":"cyxi2nxj5bgtw","chunk_label":"unnamed-chunk-5"},{"row":76,"row_count":1,"visible":true,"expansion_state":0,"options":{"engine":"r","message":false,"label":"unnamed-chunk-44"},"document_id":"5DA5FD60","chunk_id":"cmoo524vypdx5","chunk_label":"unnamed-chunk-6"},{"row":99,"row_count":1,"visible":true,"expansion_state":0,"options":{"engine":"r","label":"unnamed-chunk-45"},"document_id":"5DA5FD60","chunk_id":"cxrrxnkc2zrif","chunk_label":"unnamed-chunk-7"},{"row":108,"row_count":1,"visible":true,"expansion_state":0,"options":{"engine":"r","label":"unnamed-chunk-46"},"document_id":"5DA5FD60","chunk_id":"clhgfbb33hpek","chunk_label":"unnamed-chunk-8"},{"row":119,"row_count":1,"visible":true,"expansion_state":0,"options":{"engine":"r","label":"unnamed-chunk-47"},"document_id":"5DA5FD60","chunk_id":"cfy3k0b1qg4ll","chunk_label":"unnamed-chunk-9"},{"row":126,"row_count":1,"visible":true,"expansion_state":0,"options":{"engine":"r","label":"unnamed-chunk-48"},"document_id":"5DA5FD60","chunk_id":"c25i6vtfuybuk","chunk_label":"unnamed-chunk-10"},{"row":133,"row_count":1,"visible":true,"expansion_state":0,"options":{"engine":"r","label":"unnamed-chunk-49"},"document_id":"5DA5FD60","chunk_id":"ca9yvs6525q4j","chunk_label":"unnamed-chunk-11"},{"row":140,"row_count":1,"visible":true,"expansion_state":0,"options":{"engine":"r","message":false,"label":"unnamed-chunk-50"},"document_id":"5DA5FD60","chunk_id":"cphhgbzh7zjp8","chunk_label":"unnamed-chunk-12"},{"row":145,"row_count":1,"visible":true,"expansion_state":0,"options":{"engine":"r","message":false,"label":"unnamed-chunk-51"},"document_id":"5DA5FD60","chunk_id":"ckg8fhwmi5qkb","chunk_label":"unnamed-chunk-13"}],"doc_write_time":1650422094}