{"chunk_definitions":[{"row":28,"row_count":1,"visible":true,"expansion_state":0,"options":{"engine":"r","message":false,"label":"unnamed-chunk-1"},"document_id":"41EFF12A","chunk_id":"cy8afco66swrr","chunk_label":"unnamed-chunk-1"},{"row":38,"row_count":1,"visible":true,"expansion_state":0,"options":{"engine":"r","label":"unnamed-chunk-2"},"document_id":"41EFF12A","chunk_id":"cf2qlaksv1xsi","chunk_label":"unnamed-chunk-2"},{"row":61,"row_count":1,"visible":true,"expansion_state":0,"options":{"engine":"r","label":"unnamed-chunk-3"},"document_id":"41EFF12A","chunk_id":"cvnc7nwmflekf","chunk_label":"unnamed-chunk-3"},{"row":65,"row_count":1,"visible":true,"expansion_state":0,"options":{"engine":"r","label":"unnamed-chunk-4"},"document_id":"41EFF12A","chunk_id":"cukbyc0jhh8js","chunk_label":"unnamed-chunk-4"},{"row":72,"row_count":1,"visible":true,"expansion_state":0,"options":{"engine":"r","label":"unnamed-chunk-5"},"document_id":"41EFF12A","chunk_id":"cdhbqx5y5lrdp","chunk_label":"unnamed-chunk-5"},{"row":78,"row_count":1,"visible":true,"expansion_state":0,"options":{"engine":"r","label":"unnamed-chunk-6"},"document_id":"41EFF12A","chunk_id":"c6npem1ne7c6w","chunk_label":"unnamed-chunk-6"},{"row":84,"row_count":1,"visible":true,"expansion_state":0,"options":{"engine":"r","label":"unnamed-chunk-7"},"document_id":"41EFF12A","chunk_id":"cvdxbpg5t5oyn","chunk_label":"unnamed-chunk-7"},{"row":91,"row_count":1,"visible":true,"expansion_state":0,"options":{"engine":"r","label":"unnamed-chunk-40"},"document_id":"41EFF12A","chunk_id":"c3qtwrf9kb4tl","chunk_label":"unnamed-chunk-8"},{"row":112,"row_count":1,"visible":true,"expansion_state":0,"options":{"engine":"r","label":"unnamed-chunk-13"},"document_id":"41EFF12A","chunk_id":"c4o88scmaxrn6","chunk_label":"unnamed-chunk-11"},{"row":116,"row_count":1,"visible":true,"expansion_state":0,"options":{"engine":"r","label":"unnamed-chunk-14"},"document_id":"41EFF12A","chunk_id":"c2tfzeuy0kgdn","chunk_label":"unnamed-chunk-11"},{"row":126,"row_count":1,"visible":true,"expansion_state":0,"options":{"engine":"r","label":"unnamed-chunk-16"},"document_id":"41EFF12A","chunk_id":"cpcvcw4hvng53","chunk_label":""}],"doc_write_time":1651120500}