{"chunk_definitions":[{"row":19,"row_count":1,"visible":true,"expansion_state":0,"options":{"engine":"r","message":false,"label":"unnamed-chunk-17"},"document_id":"7A1636E0","chunk_id":"cmzg7rqfwq3w4","chunk_label":"unnamed-chunk-1"},{"row":28,"row_count":1,"visible":true,"expansion_state":0,"options":{"engine":"r","message":false,"label":"unnamed-chunk-18"},"document_id":"7A1636E0","chunk_id":"c3qubluoy3kr2","chunk_label":"unnamed-chunk-2"},{"row":33,"row_count":1,"visible":true,"expansion_state":0,"options":{"engine":"r","label":"unnamed-chunk-19"},"document_id":"7A1636E0","chunk_id":"c1neddix2nqz8","chunk_label":"unnamed-chunk-3"},{"row":38,"row_count":1,"visible":true,"expansion_state":0,"options":{"engine":"r","label":"unnamed-chunk-20"},"document_id":"7A1636E0","chunk_id":"c2wgq03tjbln9","chunk_label":"unnamed-chunk-4"},{"row":46,"row_count":1,"visible":true,"expansion_state":0,"options":{"engine":"r","label":"unnamed-chunk-21"},"document_id":"7A1636E0","chunk_id":"ccvznhow0gt9p","chunk_label":"unnamed-chunk-5"},{"row":52,"row_count":1,"visible":true,"expansion_state":0,"options":{"engine":"r","label":"unnamed-chunk-22"},"document_id":"7A1636E0","chunk_id":"c0hz3zzqnb719","chunk_label":"unnamed-chunk-6"},{"row":61,"row_count":1,"visible":true,"expansion_state":0,"options":{"engine":"r","message":false,"label":"unnamed-chunk-23"},"document_id":"7A1636E0","chunk_id":"cu6avjdwsw4uo","chunk_label":"unnamed-chunk-7"},{"row":67,"row_count":1,"visible":true,"expansion_state":0,"options":{"engine":"r","label":"unnamed-chunk-24"},"document_id":"7A1636E0","chunk_id":"c8zi6hpuanp8j","chunk_label":"unnamed-chunk-8"},{"row":72,"row_count":1,"visible":true,"expansion_state":0,"options":{"engine":"r","message":false,"label":"unnamed-chunk-25"},"document_id":"7A1636E0","chunk_id":"cxooc3fstmxwg","chunk_label":"unnamed-chunk-9"},{"row":78,"row_count":1,"visible":true,"expansion_state":0,"options":{"engine":"r","label":"unnamed-chunk-26"},"document_id":"7A1636E0","chunk_id":"c16n866qyoqd2","chunk_label":"unnamed-chunk-10"},{"row":81,"row_count":1,"visible":true,"expansion_state":0,"options":[],"document_id":null,"chunk_id":"crj0i76oyedj7","chunk_label":"unnamed-chunk-11"},{"row":82,"row_count":1,"visible":true,"expansion_state":0,"options":{"engine":"r","label":"unnamed-chunk-27"},"document_id":"7A1636E0","chunk_id":"cf1d754dweqh8","chunk_label":"unnamed-chunk-11"},{"row":91,"row_count":1,"visible":true,"expansion_state":0,"options":{"engine":"r","message":false,"label":"unnamed-chunk-28"},"document_id":"7A1636E0","chunk_id":"cymcd3b15sa6w","chunk_label":"unnamed-chunk-12"},{"row":96,"row_count":1,"visible":true,"expansion_state":0,"options":{"engine":"r","message":false,"label":"unnamed-chunk-29"},"document_id":"7A1636E0","chunk_id":"cyqlqylhool7n","chunk_label":"unnamed-chunk-13"},{"row":102,"row_count":1,"visible":true,"expansion_state":0,"options":{"engine":"r","message":false,"label":"unnamed-chunk-30"},"document_id":"7A1636E0","chunk_id":"crm1hbu4usgnw","chunk_label":"unnamed-chunk-14"},{"row":108,"row_count":1,"visible":true,"expansion_state":0,"options":{"engine":"r","message":false,"label":"unnamed-chunk-31"},"document_id":"7A1636E0","chunk_id":"cctr6nj1wytzj","chunk_label":"unnamed-chunk-15"},{"row":116,"row_count":1,"visible":true,"expansion_state":0,"options":{"engine":"r","message":false,"label":"unnamed-chunk-32"},"document_id":"7A1636E0","chunk_id":"cfxuqen6umdwd","chunk_label":"unnamed-chunk-16"},{"row":122,"row_count":1,"visible":true,"expansion_state":0,"options":{"engine":"r","message":false,"label":"unnamed-chunk-33"},"document_id":"7A1636E0","chunk_id":"crja4jlpi564s","chunk_label":"unnamed-chunk-17"},{"row":130,"row_count":1,"visible":true,"expansion_state":0,"options":{"engine":"r","message":false,"label":"unnamed-chunk-34"},"document_id":"7A1636E0","chunk_id":"cm2injkdkdtbh","chunk_label":"unnamed-chunk-18"},{"row":136,"row_count":1,"visible":true,"expansion_state":0,"options":{"engine":"r","message":false,"label":"unnamed-chunk-35"},"document_id":"7A1636E0","chunk_id":"crbr9sjbhhltm","chunk_label":"unnamed-chunk-19"},{"row":144,"row_count":1,"visible":true,"expansion_state":0,"options":{"engine":"r","message":false,"label":"unnamed-chunk-36"},"document_id":"7A1636E0","chunk_id":"c0jc4tyotgr42","chunk_label":"unnamed-chunk-20"},{"row":150,"row_count":1,"visible":true,"expansion_state":0,"options":{"engine":"r","message":false,"label":"unnamed-chunk-37"},"document_id":"7A1636E0","chunk_id":"ctxe9lgec5fdy","chunk_label":"unnamed-chunk-21"},{"row":158,"row_count":1,"visible":true,"expansion_state":0,"options":{"engine":"r","message":false,"label":"unnamed-chunk-38"},"document_id":"7A1636E0","chunk_id":"ctqum47har07a","chunk_label":"unnamed-chunk-22"},{"row":169,"row_count":1,"visible":true,"expansion_state":0,"options":{"engine":"r","message":false,"label":"unnamed-chunk-39"},"document_id":"7A1636E0","chunk_id":"c8psbszjm3qtn","chunk_label":"unnamed-chunk-23"},{"row":189,"row_count":1,"visible":true,"expansion_state":0,"options":{"engine":"r","label":"unnamed-chunk-40"},"document_id":"7A1636E0","chunk_id":"cewzrn5ltre32","chunk_label":"unnamed-chunk-24"},{"row":198,"row_count":1,"visible":true,"expansion_state":0,"options":{"engine":"r","label":"unnamed-chunk-41"},"document_id":"7A1636E0","chunk_id":"csk8w7r4uuusx","chunk_label":"unnamed-chunk-25"},{"row":203,"row_count":1,"visible":true,"expansion_state":0,"options":{"engine":"r","label":"unnamed-chunk-42"},"document_id":"7A1636E0","chunk_id":"cp93fpw7ppvok","chunk_label":"unnamed-chunk-26"},{"row":215,"row_count":1,"visible":true,"expansion_state":0,"options":{"engine":"r","label":"unnamed-chunk-43"},"document_id":"7A1636E0","chunk_id":"cua2lrse3whvp","chunk_label":"unnamed-chunk-27"},{"row":220,"row_count":1,"visible":true,"expansion_state":0,"options":{"engine":"r","label":"unnamed-chunk-44"},"document_id":"7A1636E0","chunk_id":"c0jo1cdacsm04","chunk_label":"unnamed-chunk-28"},{"row":225,"row_count":1,"visible":true,"expansion_state":0,"options":{"engine":"r","label":"unnamed-chunk-45"},"document_id":"7A1636E0","chunk_id":"cf0iz8plhyqhj","chunk_label":"unnamed-chunk-29"},{"row":232,"row_count":1,"visible":true,"expansion_state":0,"options":{"engine":"r","label":"unnamed-chunk-46"},"document_id":"7A1636E0","chunk_id":"cdwsw0n4vyi2h","chunk_label":"unnamed-chunk-30"},{"row":238,"row_count":1,"visible":true,"expansion_state":0,"options":{"engine":"r","label":"unnamed-chunk-47"},"document_id":"7A1636E0","chunk_id":"ccsnhzaml2zpx","chunk_label":"unnamed-chunk-31"},{"row":246,"row_count":1,"visible":true,"expansion_state":0,"options":{"engine":"r","label":"unnamed-chunk-48"},"document_id":"7A1636E0","chunk_id":"crl4f3qm9r3uh","chunk_label":"unnamed-chunk-32"},{"row":257,"row_count":1,"visible":true,"expansion_state":0,"options":{"engine":"r","label":"unnamed-chunk-49"},"document_id":"7A1636E0","chunk_id":"c5gcqogx77ghb","chunk_label":"unnamed-chunk-33"},{"row":269,"row_count":1,"visible":true,"expansion_state":0,"options":{"engine":"r","label":"unnamed-chunk-50"},"document_id":"7A1636E0","chunk_id":"ctag47i4iw71c","chunk_label":"unnamed-chunk-34"}],"doc_write_time":1650422094,"chunk_rendered_width":400}