"0","dat <- read_csv(""../data/adult.csv"") %>%"
"0","  mutate(., ID = row_number())"
"1","[1mRows: [22m[34m32561[39m [1mColumns: [22m[34m15[39m
"
"1","[36m──[39m [1mColumn specification[22m [36m───────────────────────────────────────────────────────────────────────────────────────────────────[39m
[1mDelimiter:[22m "",""
[31mchr[39m (8): WORKCLASS, EDUCATION, MARITALSTATUS, OCCUPATION, RELATIONSHIP, RACE, SEX, NATIVECOUNTRY
[32mdbl[39m (7): AGE, FNLWGT, EDUCATIONNUM, CAPITALGAIN, CAPITALLOSS, HOURSPERWEEK, ABOVE50K
"
"1","
[36mℹ[39m Use `spec()` to retrieve the full column specification for this data.
[36mℹ[39m Specify the column types or set `show_col_types = FALSE` to quiet this message.
"
"0","dat"
